state,month,avg_temp,avg_rainfall,avg_humidity,avg_wind,recent_temp,recent_rainfall,recent_humidity
Andhra Pradesh,1,27.36058823529412,16.957254901960784,61.07549019607843,3.401764705882353,26.68166666666667,15.69,61.461666666666666
Andhra Pradesh,2,29.477450980392156,18.551176470588235,65.89372549019608,3.638627450980392,29.356666666666666,22.066666666666666,58.02166666666667
Andhra Pradesh,3,30.474705882352943,21.089019607843138,65.8156862745098,3.322941176470588,30.063333333333333,17.23,65.00833333333334
Andhra Pradesh,4,29.81843137254902,23.83843137254902,65.35313725490197,3.2233333333333336,29.951666666666668,22.965,65.08
Andhra Pradesh,5,27.345294117647057,17.305686274509803,63.69686274509804,3.3607843137254902,27.633333333333336,15.193333333333333,64.20833333333333
Andhra Pradesh,6,24.60156862745098,20.757843137254905,65.1935294117647,3.8447058823529408,24.721666666666664,16.468333333333334,70.495
Andhra Pradesh,7,21.692156862745097,19.785098039215686,64.93941176470588,3.182549019607843,21.94333333333333,29.878333333333334,68.23666666666666
Andhra Pradesh,8,19.446470588235293,24.72686274509804,66.45333333333333,3.561176470588235,19.358333333333334,28.843333333333334,70.95
Andhra Pradesh,9,18.48392156862745,20.66176470588235,63.12372549019608,3.663529411764706,18.098333333333333,19.383333333333336,58.66
Andhra Pradesh,10,19.224705882352943,18.19156862745098,64.08039215686274,3.560980392156863,19.261666666666667,11.723333333333334,69.17166666666667
Andhra Pradesh,11,21.720392156862744,19.640196078431373,66.00725490196078,3.540196078431373,21.698333333333334,12.258333333333333,63.815
Andhra Pradesh,12,24.83137254901961,20.27235294117647,66.43117647058823,3.3274509803921566,24.245,24.8,68.52333333333333
Assam,1,30.41529411764706,19.62764705882353,65.45156862745098,3.7947058823529414,30.801666666666666,19.936666666666667,75.49833333333333
Assam,2,32.71607843137255,19.36901960784314,64.15882352941176,3.160196078431373,32.016666666666666,10.768333333333333,67.02666666666667
Assam,3,33.73,18.36098039215686,65.20098039215686,3.486470588235294,33.555,15.485,66.21833333333333
Assam,4,32.788039215686275,22.081960784313726,63.239411764705885,3.3754901960784314,33.31,24.945000000000004,64.41833333333334
Assam,5,30.471568627450978,18.947843137254903,64.02078431372549,3.4713725490196077,30.221666666666664,13.4,60.87166666666667
Assam,6,27.547843137254905,23.508627450980395,62.49450980392157,2.999607843137255,27.785,13.790000000000001,63.98166666666666
Assam,7,24.45921568627451,18.431372549019606,64.07588235294118,3.747450980392157,25.001666666666665,17.156666666666666,63.26
Assam,8,22.453137254901957,22.64686274509804,63.371764705882356,3.7213725490196077,23.016666666666666,29.473333333333333,53.714999999999996
Assam,9,21.477450980392156,22.68862745098039,68.44764705882353,3.328823529411765,22.198333333333334,15.271666666666667,70.67666666666666
Assam,10,22.4278431372549,19.07941176470588,65.34470588235294,3.569607843137255,22.650000000000002,18.348333333333333,62.50833333333333
Assam,11,24.50705882352941,19.980588235294118,64.87509803921569,3.5576470588235294,24.126666666666665,21.631666666666664,58.26499999999999
Assam,12,27.52235294117647,20.608627450980393,65.82921568627451,3.474509803921569,27.19333333333333,9.868333333333334,61.44833333333333
Bihar,1,27.035686274509803,18.53156862745098,64.20411764705882,3.553921568627451,26.813333333333333,16.761666666666667,61.29333333333333
Bihar,2,29.12235294117647,18.319803921568628,64.03117647058824,3.5207843137254904,29.118333333333336,11.636666666666665,62.64333333333334
Bihar,3,29.98921568627451,19.768039215686272,64.08803921568628,3.4198039215686276,29.641666666666666,13.421666666666667,68.435
Bihar,4,29.22705882352941,17.78235294117647,64.54666666666667,3.6811764705882353,28.715,29.668333333333333,66.81333333333333
Bihar,5,26.817254901960787,18.660588235294117,63.7978431372549,3.2429411764705884,26.150000000000002,23.28333333333333,64.77
Bihar,6,23.675686274509804,18.195098039215686,66.89686274509803,3.477058823529412,23.583333333333332,19.44666666666667,74.44166666666666
Bihar,7,20.811176470588233,20.898823529411764,66.26411764705882,3.7123529411764706,20.811666666666667,23.653333333333336,62.995000000000005
Bihar,8,18.67372549019608,22.772549019607844,62.848627450980395,3.3119607843137255,18.645,32.035,64.00666666666666
Bihar,9,17.742745098039215,20.608823529411765,63.08862745098039,3.4049019607843136,17.558333333333334,13.771666666666668,65.22833333333334
Bihar,10,18.654901960784315,17.024313725490195,67.03333333333333,3.5056862745098036,18.576666666666668,15.693333333333333,67.155
Bihar,11,20.989607843137254,19.53529411764706,64.87156862745098,3.5184313725490197,21.971666666666664,21.525000000000002,59.82833333333334
Bihar,12,24.185882352941178,20.866274509803922,65.72274509803921,3.6323529411764706,24.173333333333332,10.825000000000001,72.005
Chhattisgarh,1,27.644705882352945,20.578235294117647,65.77607843137255,3.5776470588235294,27.891666666666666,22.191666666666666,62.07666666666666
Chhattisgarh,2,29.985882352941175,20.601960784313725,64.05372549019607,3.4494117647058826,29.985,14.845,68.22500000000001
Chhattisgarh,3,30.64235294117647,18.987450980392158,65.10901960784314,3.9437254901960785,30.781666666666666,10.001666666666667,64.95333333333333
Chhattisgarh,4,29.929607843137255,16.53470588235294,66.82333333333332,3.6566666666666667,29.903333333333336,11.42,60.64333333333334
Chhattisgarh,5,27.56313725490196,19.82862745098039,66.45941176470588,3.364705882352941,28.115,26.108333333333334,68.075
Chhattisgarh,6,24.83843137254902,19.24235294117647,66.25784313725491,3.574313725490196,25.316666666666666,15.936666666666667,67.08
Chhattisgarh,7,21.711764705882352,18.20705882352941,66.57921568627451,3.7707843137254904,22.09,20.078333333333333,57.86333333333334
Chhattisgarh,8,19.390196078431373,20.352156862745097,66.01411764705882,3.4582352941176473,19.503333333333334,24.548333333333332,67.26833333333333
Chhattisgarh,9,18.667450980392157,21.71941176470588,66.1021568627451,3.373529411764706,18.351666666666667,24.61,58.34
Chhattisgarh,10,19.463529411764707,21.219607843137254,63.99725490196079,3.494117647058823,19.603333333333335,14.08,70.56
Chhattisgarh,11,21.678823529411765,19.43921568627451,67.01039215686275,3.501372549019608,21.191666666666666,24.786666666666665,64.52333333333333
Chhattisgarh,12,24.669215686274512,26.362745098039216,66.60862745098039,3.4758823529411766,24.951666666666668,17.085,65.90833333333333
Gujarat,1,25.69313725490196,19.737450980392158,66.62588235294118,3.283137254901961,26.173333333333332,21.236666666666668,74.86833333333333
Gujarat,2,27.965882352941176,22.050588235294118,64.26882352941176,3.6592156862745098,28.045,16.508333333333333,62.876666666666665
Gujarat,3,28.890588235294118,20.515098039215687,62.96254901960785,3.6811764705882353,28.113333333333333,21.91333333333333,64.255
Gujarat,4,27.999803921568628,20.216470588235293,66.35078431372548,3.634509803921569,28.108333333333334,26.833333333333332,72.52166666666666
Gujarat,5,26.231372549019607,20.107254901960786,63.982549019607845,3.5970588235294114,26.78,25.535,60.5
Gujarat,6,22.817254901960787,19.05,62.91490196078431,4.1337254901960785,22.623333333333335,31.686666666666667,65.58
Gujarat,7,19.979411764705883,18.403333333333336,64.6507843137255,3.5296078431372546,20.365,12.645000000000001,63.73166666666666
Gujarat,8,17.726666666666667,19.177450980392155,62.3335294117647,3.8780392156862744,17.816666666666666,19.936666666666667,65.12833333333333
Gujarat,9,16.95078431372549,17.237843137254902,68.0264705882353,3.7437254901960784,16.785,19.98,62.71333333333333
Gujarat,10,17.881960784313726,24.598039215686274,63.44647058823529,3.4480392156862743,18.005,16.925,65.265
Gujarat,11,19.66607843137255,17.846862745098036,65.23549019607843,3.43156862745098,18.86,18.106666666666666,63.34166666666667
Gujarat,12,22.761960784313725,20.403529411764705,65.46549019607842,3.340588235294118,22.598333333333333,21.275000000000002,72.59333333333333
Haryana,1,27.206470588235295,19.93862745098039,64.18921568627451,3.395686274509804,26.843333333333334,10.89,60.52
Haryana,2,29.403333333333332,19.009607843137257,66.39254901960784,3.4876470588235295,28.881666666666664,25.233333333333334,68.67
Haryana,3,29.78666666666667,22.357254901960786,65.66411764705882,3.4437254901960785,29.62,19.875000000000004,67.63833333333334
Haryana,4,29.1121568627451,17.70686274509804,67.21627450980391,3.5209803921568628,28.728333333333335,19.08,70.425
Haryana,5,27.073529411764707,22.363333333333333,63.84470588235294,3.373529411764706,27.451666666666668,24.75666666666667,57.31666666666666
Haryana,6,23.882549019607843,20.705686274509805,66.52372549019609,3.5082352941176476,23.92833333333333,15.395000000000001,59.65833333333333
Haryana,7,20.990392156862743,18.968235294117648,68.18254901960785,3.4701960784313726,19.856666666666666,15.558333333333332,73.95333333333333
Haryana,8,18.927843137254904,24.17607843137255,63.885882352941174,3.8554901960784314,18.408333333333335,19.7,63.85
Haryana,9,18.05254901960784,21.40686274509804,64.63588235294117,3.397450980392157,18.561666666666667,24.209999999999997,56.21666666666667
Haryana,10,18.587254901960787,19.158627450980394,65.54372549019608,3.606470588235294,18.778333333333332,19.791666666666668,70.03833333333334
Haryana,11,20.883333333333333,22.45764705882353,63.499607843137255,3.600980392156863,20.71166666666667,18.523333333333333,73.61166666666666
Haryana,12,24.027647058823533,23.042549019607844,64.65117647058824,3.6852941176470586,23.645,16.513333333333332,65.50666666666666
Himachal Pradesh,1,28.937058823529412,19.85627450980392,67.93941176470588,3.661764705882353,29.16333333333333,22.115,71.24833333333333
Himachal Pradesh,2,31.378627450980392,19.974117647058826,63.43176470588235,3.702941176470588,30.923333333333332,25.224999999999998,65.08
Himachal Pradesh,3,32.16901960784314,18.081960784313726,67.46039215686274,3.3470588235294114,31.936666666666667,21.506666666666664,59.71
Himachal Pradesh,4,31.299607843137256,18.871960784313725,66.88333333333334,3.024705882352941,31.69666666666667,23.39833333333333,70.06
Himachal Pradesh,5,29.029411764705884,17.212745098039218,65.93764705882353,3.5215686274509803,28.728333333333335,15.721666666666666,66.28333333333333
Himachal Pradesh,6,25.83921568627451,23.898235294117647,67.10490196078432,3.5384313725490197,25.198333333333334,31.53333333333333,67.16666666666667
Himachal Pradesh,7,23.08156862745098,22.343333333333334,66.28098039215686,3.227058823529412,23.491666666666664,20.121666666666666,62.00833333333333
Himachal Pradesh,8,20.96254901960784,19.603725490196076,65.05764705882353,3.1858823529411766,20.94666666666667,22.141666666666666,59.10166666666667
Himachal Pradesh,9,20.322549019607845,19.252745098039217,64.3756862745098,3.137843137254902,20.458333333333332,13.633333333333333,68.23
Himachal Pradesh,10,21.030392156862746,22.672156862745098,65.39588235294117,3.5329411764705885,20.796666666666667,17.825,69.14333333333333
Himachal Pradesh,11,23.12607843137255,20.147450980392158,62.952549019607844,3.8170588235294116,23.39,22.115,61.656666666666666
Himachal Pradesh,12,26.121176470588235,22.75705882352941,63.899803921568626,3.321764705882353,26.646666666666665,19.779999999999998,63.135
Jharkhand,1,25.984117647058824,18.757254901960785,66.76450980392157,3.272941176470588,26.25,11.743333333333334,67.95833333333333
Jharkhand,2,27.997647058823528,20.73235294117647,62.75627450980392,3.3654901960784316,27.491666666666664,25.838333333333335,59.699999999999996
Jharkhand,3,28.81901960784314,21.40607843137255,64.74019607843137,3.408627450980392,29.058333333333334,29.24,66.35833333333333
Jharkhand,4,28.278627450980395,21.373725490196076,67.38882352941177,3.2347058823529413,28.555000000000003,20.60333333333333,72.23333333333333
Jharkhand,5,25.800392156862745,22.24529411764706,65.4270588235294,3.4850980392156865,25.541666666666668,24.585000000000004,68.91833333333334
Jharkhand,6,22.830784313725488,20.33411764705882,64.08156862745098,3.7317647058823527,23.346666666666664,16.493333333333336,67.165
Jharkhand,7,20.168039215686274,16.36392156862745,63.660196078431376,3.546078431372549,20.468333333333334,17.43166666666667,64.94833333333334
Jharkhand,8,17.67529411764706,22.06156862745098,63.930392156862744,3.650588235294118,16.875,9.97,64.72333333333333
Jharkhand,9,16.798627450980394,17.062745098039215,63.07176470588235,3.6372549019607843,16.89,15.368333333333334,61.696666666666665
Jharkhand,10,17.735686274509803,16.27470588235294,66.24725490196079,3.2462745098039214,18.106666666666666,28.236666666666668,58.63666666666666
Jharkhand,11,19.864901960784312,21.71235294117647,65.46764705882353,3.3156862745098037,20.076666666666668,18.541666666666668,61.88833333333333
Jharkhand,12,22.756470588235292,17.478431372549018,62.43960784313725,3.7201960784313726,23.115,23.355,60.37833333333333
Karnataka,1,30.786862745098038,19.75294117647059,65.63156862745097,3.5372549019607846,30.69,21.63,77.53333333333333
Karnataka,2,32.86960784313725,20.679019607843134,64.67882352941176,3.359607843137255,32.068333333333335,32.324999999999996,69.96833333333335
Karnataka,3,34.161764705882355,19.77294117647059,65.90039215686275,3.381764705882353,33.9,24.546666666666667,68.315
Karnataka,4,33.28019607843137,20.288823529411765,67.40686274509804,3.262156862745098,33.93833333333333,15.966666666666667,56.370000000000005
Karnataka,5,31.13058823529412,20.15137254901961,63.998823529411766,3.447843137254902,31.031666666666666,17.895,66.96833333333333
Karnataka,6,28.24843137254902,20.56843137254902,65.86156862745098,3.6462745098039218,27.991666666666664,22.123333333333335,70.65833333333333
Karnataka,7,24.894509803921565,21.423333333333332,66.85980392156863,3.309607843137255,24.893333333333334,18.78,62.935
Karnataka,8,22.62,20.414901960784317,64.20235294117647,3.8319607843137256,23.143333333333334,18.343333333333334,64.67
Karnataka,9,21.91607843137255,20.656470588235294,64.65,3.1731372549019605,22.276666666666667,22.266666666666666,68.12
Karnataka,10,22.669019607843136,16.9978431372549,65.4013725490196,3.4249019607843136,22.968333333333334,24.363333333333333,57.15833333333333
Karnataka,11,24.979411764705883,20.924117647058825,65.19745098039216,3.5756862745098044,25.041666666666668,14.748333333333333,65.53833333333334
Karnataka,12,28.198235294117644,21.216666666666665,61.58058823529412,3.797843137254902,28.675,28.625,58.803333333333335
Kerala,1,25.155882352941177,18.832745098039215,69.19235294117647,3.37921568627451,24.849999999999998,22.569999999999997,75.19833333333334
Kerala,2,27.393725490196076,21.276862745098036,61.07980392156863,3.5923529411764705,27.128333333333334,19.133333333333333,62.86333333333334
Kerala,3,28.269607843137255,17.79764705882353,65.17647058823529,3.2601960784313726,28.05333333333333,19.721666666666668,63.23500000000001
Kerala,4,27.28196078431373,19.740588235294116,59.46843137254902,3.664901960784314,27.15833333333333,18.16333333333333,57.60333333333333
Kerala,5,25.142156862745097,22.933137254901958,65.43470588235294,3.7188235294117646,24.561666666666667,26.44666666666667,66.045
Kerala,6,22.284313725490197,20.191372549019608,66.61980392156863,3.662745098039216,21.888333333333332,18.69333333333333,69.69833333333334
Kerala,7,19.359607843137255,21.617450980392157,65.38725490196079,3.4584313725490197,19.566666666666666,16.165000000000003,60.153333333333336
Kerala,8,17.0221568627451,20.54098039215686,63.889607843137256,3.43921568627451,17.14,24.051666666666666,66.00333333333333
Kerala,9,16.051372549019607,20.96470588235294,65.93588235294118,3.6462745098039218,15.918333333333335,20.7,64.72
Kerala,10,17.205098039215688,21.65686274509804,64.87666666666667,3.290196078431373,17.455000000000002,29.893333333333334,62.72333333333333
Kerala,11,19.29901960784314,17.248627450980393,65.0621568627451,3.5670588235294116,19.473333333333333,13.766666666666666,61.97666666666667
Kerala,12,22.184117647058827,20.537843137254903,64.03882352941177,3.460588235294118,21.998333333333335,12.236666666666666,65.36
Madhya Pradesh,1,30.792745098039216,21.389607843137252,67.18352941176471,3.391764705882353,30.14,20.238333333333333,69.12
Madhya Pradesh,2,33.039607843137254,25.675882352941176,65.15588235294118,3.6092156862745095,33.803333333333335,30.775000000000002,64.645
Madhya Pradesh,3,33.850196078431374,19.365098039215685,67.3256862745098,3.495686274509804,33.751666666666665,15.983333333333334,63.971666666666664
Madhya Pradesh,4,33.21,21.22254901960784,65.12843137254902,3.232745098039216,32.91166666666667,16.101666666666667,64.89666666666666
Madhya Pradesh,5,30.67,18.027058823529412,67.85039215686274,3.3592156862745095,30.805000000000003,12.203333333333333,60.86166666666667
Madhya Pradesh,6,28.018039215686276,19.47078431372549,64.44058823529413,3.2076470588235293,27.41,23.425,67.165
Madhya Pradesh,7,24.949607843137255,20.003529411764706,63.888627450980394,3.3421568627450977,24.988333333333333,13.698333333333332,65.58333333333333
Madhya Pradesh,8,23.02745098039216,15.076862745098039,63.72529411764706,3.532352941176471,23.246666666666666,13.991666666666667,61.39166666666667
Madhya Pradesh,9,21.963921568627452,18.741372549019605,65.16450980392156,3.458039215686275,22.45,15.183333333333332,71.70333333333333
Madhya Pradesh,10,22.88705882352941,19.34470588235294,63.16392156862745,3.425490196078431,22.486666666666668,18.133333333333333,61.87833333333333
Madhya Pradesh,11,24.965882352941176,19.229411764705883,62.26960784313726,3.480196078431373,25.268333333333334,25.39,63.105
Madhya Pradesh,12,27.985294117647058,19.01,62.31647058823529,3.6482352941176472,27.701666666666668,16.838333333333335,59.626666666666665
Maharashtra,1,30.260980392156863,21.200392156862744,65.46470588235293,3.1872549019607845,30.915000000000003,20.216666666666665,69.24166666666666
Maharashtra,2,32.33509803921569,17.730196078431373,64.68313725490196,3.80156862745098,32.10166666666667,16.575,65.225
Maharashtra,3,33.097058823529416,18.02921568627451,65.17607843137255,3.5543137254901964,32.965,26.185,64.08
Maharashtra,4,32.410196078431376,18.459607843137256,64.67941176470589,3.5466666666666664,32.45666666666667,15.093333333333334,65.245
Maharashtra,5,30.134509803921567,21.475490196078432,65.36529411764707,3.2417647058823524,29.991666666666664,23.111666666666668,58.48333333333333
Maharashtra,6,27.170980392156864,16.852745098039215,66.4770588235294,3.2880392156862746,26.97,26.151666666666667,67.19500000000001
Maharashtra,7,24.067058823529415,20.10921568627451,64.78078431372549,3.3033333333333332,24.040000000000003,14.366666666666665,58.01500000000001
Maharashtra,8,22.245098039215687,18.0178431372549,69.10333333333334,3.6974509803921567,22.305000000000003,25.28833333333333,72.27499999999999
Maharashtra,9,21.250196078431372,18.382941176470588,66.55294117647058,3.309607843137255,21.436666666666667,16.086666666666666,63.620000000000005
Maharashtra,10,21.889019607843135,21.87313725490196,66.02921568627451,3.5637254901960786,21.724999999999998,23.573333333333334,68.69666666666667
Maharashtra,11,24.112745098039216,21.167450980392157,65.33588235294118,3.4419607843137254,24.611666666666665,16.8,63.94833333333333
Maharashtra,12,27.254313725490196,21.305098039215686,64.00176470588235,3.4798039215686276,26.958333333333332,14.775,55.61166666666667
Odisha,1,29.311176470588236,20.910980392156862,63.68862745098039,3.7949019607843137,30.08,26.168333333333333,63.04
Odisha,2,31.847254901960785,18.32156862745098,65.88705882352942,3.6219607843137256,31.900000000000002,24.71166666666667,63.56166666666667
Odisha,3,32.32823529411765,17.581764705882353,65.69607843137256,3.674509803921569,31.831666666666667,13.178333333333333,55.56666666666667
Odisha,4,31.840980392156865,19.00392156862745,63.178823529411765,3.5237254901960786,31.95,16.301666666666666,64.59
Odisha,5,29.837254901960787,18.56235294117647,66.26,3.4037254901960785,29.48,11.851666666666667,71.98
Odisha,6,26.73470588235294,20.84862745098039,69.31176470588235,3.1831372549019608,26.526666666666667,18.73,71.49166666666666
Odisha,7,23.606470588235297,22.486470588235292,65.78019607843137,3.705490196078431,23.603333333333335,16.991666666666667,61.44833333333333
Odisha,8,21.412941176470586,20.909803921568628,65.4949019607843,3.5764705882352943,20.919999999999998,23.56833333333333,66.10333333333334
Odisha,9,20.465098039215686,15.573529411764707,67.20705882352941,3.385490196078431,20.79,16.245,63.919999999999995
Odisha,10,21.397450980392158,17.672745098039215,65.12117647058824,3.3882352941176475,21.668333333333333,10.536666666666667,67.69333333333333
Odisha,11,23.471176470588233,21.49745098039216,63.844509803921575,3.507058823529412,23.33,25.263333333333335,69.02333333333333
Odisha,12,26.590392156862745,22.243921568627453,66.68411764705883,3.219803921568628,26.405,12.643333333333333,57.75333333333333
Punjab,1,25.131764705882354,17.931960784313723,64.71882352941176,3.428235294117647,25.116666666666664,18.608333333333334,69.20666666666666
Punjab,2,27.231372549019607,24.04627450980392,67.29882352941176,3.751764705882353,27.256666666666664,18.39,66.22833333333334
Punjab,3,28.108823529411765,20.377843137254903,63.450980392156865,3.433529411764706,28.53,30.23166666666667,65.21499999999999
Punjab,4,27.371764705882352,19.007058823529412,66.21607843137255,3.5533333333333332,27.540000000000003,19.236666666666668,69.89833333333333
Punjab,5,25.129411764705882,21.09137254901961,65.99039215686275,3.4850980392156865,25.161666666666665,24.96166666666667,65.78666666666668
Punjab,6,22.25725490196078,18.54529411764706,66.57254901960783,3.4703921568627454,22.266666666666666,15.593333333333334,67.7
Punjab,7,18.85,18.9778431372549,64.6913725490196,2.8754901960784314,19.416666666666668,12.938333333333333,70.76833333333333
Punjab,8,17.07313725490196,18.29156862745098,67.88470588235293,3.3862745098039215,17.57,21.941666666666666,62.835
Punjab,9,16.212352941176473,20.81921568627451,63.65274509803921,3.2590196078431375,16.166666666666668,17.474999999999998,69.39666666666666
Punjab,10,16.901764705882353,18.013725490196077,65.44823529411765,3.564313725490196,16.87,16.985,67.74166666666666
Punjab,11,19.36313725490196,18.346666666666664,63.799803921568625,3.5233333333333334,20.113333333333333,12.321666666666667,63.193333333333335
Punjab,12,22.21372549019608,24.095882352941178,64.10019607843138,3.4943137254901964,21.643333333333334,20.651666666666667,62.321666666666665
Rajasthan,1,29.02921568627451,21.840784313725493,64.5992156862745,3.373529411764706,28.715,28.554999999999996,63.754999999999995
Rajasthan,2,31.26764705882353,19.258039215686274,65.13980392156863,3.2784313725490195,31.021666666666665,14.995,62.468333333333334
Rajasthan,3,32.108823529411765,21.75627450980392,63.018235294117645,3.4888235294117647,31.855,14.99,65.305
Rajasthan,4,31.280392156862746,21.59372549019608,63.51509803921569,3.456274509803922,30.888333333333335,16.47,68.245
Rajasthan,5,29.06549019607843,22.230392156862745,64.14176470588235,3.4809803921568627,28.593333333333334,14.92,62.156666666666666
Rajasthan,6,26.063725490196077,18.910196078431373,66.49941176470588,3.4476470588235295,26.206666666666667,15.598333333333334,63.55166666666667
Rajasthan,7,23.153529411764705,17.75313725490196,65.22509803921568,3.682156862745098,22.96666666666667,11.055,60.79666666666666
Rajasthan,8,20.80450980392157,20.977843137254904,66.05450980392156,3.286862745098039,20.63,17.281666666666666,66.28833333333334
Rajasthan,9,20.100392156862746,18.013529411764704,64.35901960784314,3.7323529411764707,19.596666666666668,16.41,60.455000000000005
Rajasthan,10,20.872941176470587,21.442745098039214,62.73901960784314,3.4298039215686273,21.298333333333336,21.771666666666665,62.26833333333334
Rajasthan,11,23.102156862745097,18.982745098039217,65.1135294117647,3.346470588235294,23.013333333333332,16.811666666666667,59.09166666666667
Rajasthan,12,26.027254901960788,21.17058823529412,64.15156862745098,3.7929411764705883,26.103333333333335,23.471666666666664,64.545
Tamil Nadu,1,29.91254901960784,18.15843137254902,66.12039215686275,3.273921568627451,29.35166666666667,16.326666666666664,67.59666666666666
Tamil Nadu,2,32.16529411764706,17.704901960784316,65.57294117647058,3.670392156862745,32.38,13.86,63.89833333333333
Tamil Nadu,3,33.05627450980393,20.21254901960784,67.40627450980392,3.607058823529412,32.85166666666667,20.14,66.53
Tamil Nadu,4,31.99,21.307843137254903,62.83529411764706,3.4847058823529413,31.258333333333336,28.56,66.44833333333334
Tamil Nadu,5,30.05764705882353,17.66470588235294,65.28039215686275,3.3801960784313727,29.831666666666667,14.971666666666666,69.63166666666666
Tamil Nadu,6,26.924705882352942,21.606274509803924,65.99960784313726,3.519803921568627,27.541666666666668,15.188333333333333,67.16833333333334
Tamil Nadu,7,24.014901960784314,17.387450980392156,64.51450980392157,3.668823529411765,24.286666666666665,14.481666666666667,61.405
Tamil Nadu,8,21.988823529411764,22.143725490196076,64.16764705882353,3.5649019607843138,22.156666666666666,22.658333333333335,73.06666666666666
Tamil Nadu,9,21.188039215686274,20.647254901960785,64.32000000000001,3.5347058823529416,21.373333333333335,26.084999999999997,62.72666666666667
Tamil Nadu,10,21.666470588235295,20.06823529411765,67.21078431372548,3.6184313725490194,22.405,28.866666666666664,57.26166666666666
Tamil Nadu,11,23.84607843137255,18.95235294117647,66.21431372549019,3.574509803921569,24.048333333333332,26.416666666666668,75.35666666666667
Tamil Nadu,12,27.16862745098039,20.158235294117645,64.44960784313726,3.7472549019607846,26.626666666666665,15.284999999999998,59.31333333333333
Telangana,1,27.565098039215684,19.607843137254903,65.65352941176471,3.605294117647059,27.635,23.526666666666667,71.37833333333333
Telangana,2,29.853529411764704,19.661960784313724,65.98333333333333,3.7011764705882353,29.743333333333336,12.173333333333332,62.16166666666667
Telangana,3,30.763529411764708,20.71156862745098,68.19882352941177,3.581176470588235,29.998333333333335,26.650000000000002,68.45666666666666
Telangana,4,29.975686274509805,17.02392156862745,66.31294117647059,3.609607843137255,30.161666666666665,20.616666666666667,68.94166666666666
Telangana,5,27.663725490196075,20.635686274509805,63.589019607843134,3.417843137254902,27.768333333333334,20.165000000000003,56.586666666666666
Telangana,6,24.619999999999997,19.58686274509804,65.54509803921569,3.224901960784314,24.766666666666666,15.681666666666667,64.44333333333333
Telangana,7,21.663921568627448,17.90313725490196,67.45882352941176,3.128235294117647,21.47,24.738333333333333,67.94166666666666
Telangana,8,19.50470588235294,20.67450980392157,63.49745098039215,3.2941176470588234,19.663333333333334,20.75,61.663333333333334
Telangana,9,18.834901960784315,20.8156862745098,61.02294117647059,3.432549019607843,19.061666666666667,12.219999999999999,60.943333333333335
Telangana,10,19.69372549019608,16.430196078431372,64.13392156862744,3.8121568627450984,19.205000000000002,26.03333333333333,61.36000000000001
Telangana,11,21.47901960784314,23.435686274509806,62.70803921568628,3.4419607843137254,21.101666666666667,35.335,60.24333333333334
Telangana,12,24.48392156862745,21.188039215686274,66.00901960784314,3.320196078431372,23.846666666666664,21.326666666666668,68.47833333333334
Uttar Pradesh,1,25.44,17.12764705882353,68.14019607843137,3.4584313725490197,25.224999999999998,23.89,61.80166666666667
Uttar Pradesh,2,27.474901960784315,20.71156862745098,65.24352941176471,3.83,27.331666666666667,21.528333333333332,65.03500000000001
Uttar Pradesh,3,28.283529411764707,23.186666666666667,64.14137254901961,3.307254901960784,27.955,13.203333333333333,55.98833333333334
Uttar Pradesh,4,27.598823529411764,19.519607843137255,66.14313725490196,3.5288235294117647,26.755,19.851666666666667,63.748333333333335
Uttar Pradesh,5,25.40607843137255,18.7878431372549,64.78450980392157,3.4807843137254904,24.491666666666664,14.643333333333333,76.31333333333333
Uttar Pradesh,6,22.235686274509803,22.08823529411765,62.300588235294114,3.245686274509804,22.310000000000002,18.728333333333335,65.52999999999999
Uttar Pradesh,7,19.198235294117648,21.04078431372549,63.71568627450981,3.673725490196078,19.418333333333333,33.30833333333333,70.80499999999999
Uttar Pradesh,8,17.0221568627451,22.04843137254902,66.9978431372549,3.392549019607843,17.278333333333332,24.961666666666662,64.54666666666667
Uttar Pradesh,9,16.19058823529412,21.233333333333334,65.90313725490196,3.2258823529411766,15.799999999999999,26.689999999999998,65.00166666666667
Uttar Pradesh,10,17.12764705882353,19.422941176470587,63.149803921568626,3.7468627450980394,16.893333333333334,21.08,62.781666666666666
Uttar Pradesh,11,19.3843137254902,20.84137254901961,64.3870588235294,3.547450980392157,19.231666666666666,13.135,68.80499999999999
Uttar Pradesh,12,22.3356862745098,18.66254901960784,65.8956862745098,3.6864705882352937,22.548333333333332,23.808333333333334,62.47833333333333
Uttarakhand,1,25.182352941176468,19.203725490196078,66.44490196078432,3.6092156862745095,25.91333333333333,25.081666666666667,75.355
Uttarakhand,2,27.267843137254903,21.340392156862745,64.49941176470588,3.722352941176471,27.241666666666664,15.253333333333332,70.60000000000001
Uttarakhand,3,27.832549019607843,17.089607843137255,65.39039215686275,3.4464705882352944,27.261666666666667,13.104999999999999,60.31166666666667
Uttarakhand,4,27.24705882352941,21.588039215686276,61.86235294117647,3.35,27.03333333333333,12.646666666666667,60.06999999999999
Uttarakhand,5,25.092549019607844,19.285882352941176,64.84058823529412,3.751372549019608,24.810000000000002,10.856666666666667,65.515
Uttarakhand,6,22.129803921568627,18.56745098039216,65.71627450980392,3.4721568627450976,21.638333333333335,20.32166666666667,71.73833333333333
Uttarakhand,7,18.938235294117646,21.577843137254902,63.055294117647065,3.4345098039215687,19.826666666666668,24.330000000000002,60.76500000000001
Uttarakhand,8,16.64607843137255,18.31019607843137,65.4292156862745,3.6723529411764706,16.228333333333335,25.015,68.11166666666666
Uttarakhand,9,15.976862745098037,18.659607843137255,64.39843137254903,3.378823529411765,15.966666666666667,18.706666666666667,72.00833333333334
Uttarakhand,10,16.703529411764706,19.484313725490196,64.16411764705882,3.5254901960784317,16.448333333333334,10.285,63.66833333333333
Uttarakhand,11,19.14313725490196,17.831960784313726,65.77705882352942,3.7880392156862746,19.038333333333334,14.24,68.60666666666667
Uttarakhand,12,22.238235294117647,24.585882352941173,63.65039215686274,3.8258823529411767,21.55,24.778333333333332,60.4
West Bengal,1,26.45019607843137,19.795882352941177,66.54627450980392,3.252156862745098,26.401666666666667,27.536666666666665,66.66000000000001
West Bengal,2,28.41764705882353,21.989607843137254,65.62372549019608,3.4090196078431374,28.486666666666665,26.56,58.85833333333333
West Bengal,3,29.48470588235294,18.558039215686275,66.72058823529412,3.2468627450980394,29.353333333333335,16.761666666666667,61.405
West Bengal,4,28.84372549019608,22.416274509803923,63.65039215686274,3.5296078431372546,29.146666666666665,27.71166666666667,60.866666666666674
West Bengal,5,26.40156862745098,21.27235294117647,63.037254901960786,3.695294117647059,26.52333333333333,15.589999999999998,61.79
West Bengal,6,23.50235294117647,17.921764705882353,64.62470588235294,3.5366666666666666,23.623333333333335,20.718333333333334,68.43166666666667
West Bengal,7,20.282549019607846,18.808235294117647,68.31960784313726,3.4817647058823527,20.24833333333333,12.501666666666665,62.504999999999995
West Bengal,8,18.230392156862745,17.95764705882353,63.78156862745098,3.551176470588235,17.825,24.680000000000003,66.565
West Bengal,9,17.570392156862745,20.18176470588235,64.39588235294117,3.6072549019607845,17.12333333333333,20.241666666666664,66.44166666666666
West Bengal,10,18.153921568627453,19.85156862745098,65.49764705882353,3.5149019607843135,17.71166666666667,19.778333333333332,65.98
West Bengal,11,20.28450980392157,19.839607843137255,65.22176470588235,3.8131372549019606,20.265,22.771666666666665,55.446666666666665
West Bengal,12,23.444117647058825,20.10764705882353,65.70588235294117,3.3198039215686275,23.515,30.471666666666664,66.65333333333334
